,name,class
0,2015_00401.jpg,Table
1,2015_00402.jpg,Boat
2,2015_00403.jpg,Table
3,2015_00404.jpg,Boat
4,2015_00405.jpg,Boat
5,2015_00406.jpg,Boat
6,2015_00407.jpg,Boat
7,2015_00408.jpg,Boat
8,2015_00409.jpg,Table
9,2015_00410.jpg,Table
10,2015_00411.jpg,Boat
11,2015_00412.jpg,Boat
12,2015_00413.jpg,Boat
13,2015_00414.jpg,Boat
14,2015_00415.jpg,Boat
15,2015_00416.jpg,Table
16,2015_00417.jpg,Boat
17,2015_00418.jpg,Boat
18,2015_00419.jpg,Boat
19,2015_00420.jpg,Boat
20,2015_00421.jpg,Boat
21,2015_00422.jpg,Boat
22,2015_00423.jpg,Boat
23,2015_00424.jpg,Table
24,2015_00425.jpg,Boat
25,2015_00426.jpg,Boat
26,2015_00427.jpg,Table
27,2015_00428.jpg,Boat
28,2015_00429.jpg,Boat
29,2015_00430.jpg,Boat
30,2015_00431.jpg,People
31,2015_00432.jpg,People
32,2015_00433.jpg,People
33,2015_00434.jpg,People
34,2015_00435.jpg,People
35,2015_00436.JPEG,Boat
36,2015_00437.JPEG,Boat
37,2015_00438.JPEG,Boat
38,2015_00439.JPEG,Boat
39,2015_00440.JPEG,Table
40,2015_00441.JPEG,Boat
41,2015_00442.JPEG,Boat
42,2015_00443.JPEG,Boat
43,2015_00444.jpg,Boat
44,2015_00445.JPEG,Boat
45,2015_00446.jpg,Table
46,2015_00447.jpg,Table
47,2015_00448.jpg,Table
48,2015_00449.JPG,People
49,2015_00450.jpg,Boat
50,2015_00451.JPG,Boat
51,2015_00452.JPG,Boat
52,2015_00453.JPG,Boat
53,2015_00454.JPG,Boat
54,2015_00455.JPG,Boat
55,2015_00456.JPG,Boat
56,2015_00457.JPG,Boat
57,2015_00458.JPG,Boat
58,2015_00459.JPG,Boat
59,2015_00460.JPG,Boat
60,2015_00461.jpg,Boat
61,2015_00462.jpg,Boat
62,2015_00463.jpg,Table
63,2015_00464.jpg,Table
64,2015_00465.jpeg,Table
65,2015_00466.jpg,People
66,2015_00467.jpg,People
67,2015_00468.jpg,Table
68,2015_00469.jpg,People
69,2015_00470.jpg,People
70,2015_00471.jpg,People
71,2015_00472.jpg,People
72,2015_00473.jpg,Table
73,2015_00474.jpg,Table
74,2015_00475.jpg,Boat
75,2015_00476.jpg,Table
76,2015_00477.jpg,Bicycle
77,2015_00478.jpg,Boat
78,2015_00479.jpg,Table
79,2015_00480.jpg,Boat
80,2015_01053.jpg,Boat
81,2015_01054.jpg,Bicycle
82,2015_01055.jpg,Boat
83,2015_01056.jpg,Table
84,2015_01057.jpg,Boat
85,2015_01058.jpg,People
86,2015_01059.jpg,Bicycle
87,2015_01060.jpg,Boat
88,2015_01061.jpg,Boat
89,2015_01062.jpg,Boat
90,2015_01063.jpg,Boat
91,2015_01064.jpg,Boat
92,2015_01065.jpg,Boat
93,2015_01066.jpg,Boat
94,2015_01067.png,People
95,2015_01068.jpg,Boat
96,2015_01069.jpg,Boat
97,2015_01070.jpg,Boat
98,2015_01071.jpg,Boat
99,2015_01072.jpg,Table
100,2015_01073.jpg,Boat
101,2015_01074.jpg,Boat
102,2015_01075.jpg,Boat
103,2015_01076.jpg,Boat
104,2015_01077.jpg,Boat
105,2015_01078.jpg,Boat
106,2015_01079.jpg,Boat
107,2015_01080.jpg,Boat
108,2015_01081.jpg,Boat
109,2015_01082.jpg,Boat
110,2015_01083.jpg,Boat
111,2015_01084.jpg,Boat
112,2015_01085.jpg,Boat
113,2015_01086.jpg,Table
114,2015_01087.jpg,Boat
115,2015_01088.jpg,Table
116,2015_01089.jpg,Table
117,2015_01090.jpg,Table
118,2015_01091.jpg,Boat
119,2015_01092.png,Boat
120,2015_01093.jpg,Boat
121,2015_01094.jpg,Boat
122,2015_01095.jpg,Table
123,2015_01096.jpg,Boat
124,2015_01097.jpg,Table
125,2015_01098.jpg,Boat
126,2015_01099.jpg,Boat
127,2015_01100.jpg,Boat
128,2015_01101.jpg,Bicycle
129,2015_01102.jpg,Boat
130,2015_01103.jpg,Boat
131,2015_01104.jpg,Bicycle
132,2015_01105.jpg,Boat
133,2015_01106.jpg,Boat
134,2015_01107.jpg,Boat
135,2015_01108.jpg,Boat
136,2015_01109.jpg,Boat
137,2015_01110.jpg,Boat
138,2015_01111.jpg,Boat
139,2015_01112.jpg,Boat
140,2015_01113.jpg,Boat
141,2015_01114.jpg,Table
142,2015_01115.jpg,Boat
143,2015_01116.jpg,Table
144,2015_01117.jpg,Bicycle
145,2015_01118.jpg,Boat
146,2015_01119.jpg,Boat
147,2015_01120.jpg,Table
148,2015_01121.jpg,Boat
149,2015_01122.png,Boat
150,2015_01123.jpg,Table
151,2015_01124.jpg,Boat
152,2015_01125.jpg,Table
153,2015_01126.jpg,Boat
154,2015_01127.jpg,Boat
155,2015_01128.jpg,Boat
156,2015_01129.jpg,Boat
157,2015_01130.jpg,Boat
158,2015_01131.jpg,Table
159,2015_01132.jpg,Table
160,2015_03442.jpg,Boat
161,2015_03443.jpg,Table
162,2015_03444.jpg,Boat
163,2015_03445.jpg,Boat
164,2015_03446.jpg,People
165,2015_03447.jpg,Table
166,2015_03448.jpg,Cat
167,2015_03449.jpg,Table
168,2015_03450.jpg,Boat
169,2015_03451.jpg,Boat
170,2015_03452.jpg,Boat
171,2015_03453.jpg,Table
172,2015_03454.jpg,Table
173,2015_03455.jpg,Boat
174,2015_03456.jpg,Table
175,2015_03457.jpg,People
176,2015_03458.jpg,Boat
177,2015_03459.jpg,Table
178,2015_03460.jpg,Bicycle
179,2015_03461.jpg,Boat
180,2015_03462.jpg,Boat
181,2015_03463.jpg,Table
182,2015_03464.jpg,Boat
183,2015_03465.jpg,Boat
184,2015_03466.jpg,Boat
185,2015_03467.jpg,People
186,2015_03468.jpg,Boat
187,2015_03469.jpg,Table
188,2015_03470.jpg,Table
189,2015_03471.jpg,Boat
190,2015_03472.jpg,Table
191,2015_03473.jpg,Table
192,2015_03474.jpg,Table
193,2015_03475.jpg,Table
194,2015_03476.jpg,Boat
195,2015_03477.jpg,Table
196,2015_03478.jpg,Boat
197,2015_03479.jpg,Table
198,2015_03480.jpg,Table
199,2015_03481.jpg,People
200,2015_03482.jpg,Boat
201,2015_03483.jpg,Boat
202,2015_03484.jpg,Table
203,2015_03485.jpg,Table
204,2015_03486.jpg,Table
205,2015_03487.jpg,Table
206,2015_03488.jpg,Bicycle
207,2015_03489.jpg,Boat
208,2015_03490.jpg,Table
209,2015_03491.jpg,Table
210,2015_03492.jpg,Boat
211,2015_03493.jpg,People
212,2015_03494.jpg,Boat
213,2015_03495.jpg,Table
214,2015_03496.jpg,Table
215,2015_03497.jpg,Boat
216,2015_03498.jpg,Boat
217,2015_03499.jpg,Table
218,2015_03500.jpg,Bicycle
219,2015_03501.jpg,People
220,2015_03502.jpg,Boat
221,2015_03503.jpg,People
222,2015_03504.jpg,Boat
223,2015_03505.jpg,Boat
224,2015_03506.jpg,Table
225,2015_03507.jpg,People
226,2015_03508.jpg,Table
227,2015_03509.jpg,Table
228,2015_03510.jpg,Cat
229,2015_03511.jpg,Cat
230,2015_03512.jpg,Boat
231,2015_03513.jpg,Table
232,2015_03514.jpg,Boat
233,2015_03515.jpg,Boat
234,2015_03516.jpg,Table
235,2015_03517.jpg,Boat
236,2015_03518.jpg,Table
237,2015_03519.jpg,Table
238,2015_03520.jpg,Boat
239,2015_03521.jpg,Table
240,2015_06145.JPEG,Boat
241,2015_06146.JPEG,People
242,2015_06147.JPEG,Boat
243,2015_06148.JPEG,Boat
244,2015_06149.JPEG,Boat
245,2015_06150.JPEG,Boat
246,2015_06151.JPEG,Boat
247,2015_06152.JPEG,Boat
248,2015_06153.JPEG,Boat
249,2015_06154.JPEG,Boat
250,2015_06155.JPEG,Boat
251,2015_06156.JPEG,People
252,2015_06157.jpg,People
253,2015_06158.jpg,Boat
254,2015_06159.jpg,People
255,2015_06160.jpg,People
256,2015_06161.jpg,People
257,2015_06162.jpg,People
258,2015_06163.jpg,Bicycle
259,2015_06164.jpg,Table
260,2015_06165.jpg,Boat
261,2015_06166.jpg,People
262,2015_06167.png,Table
263,2015_06168.png,Boat
264,2015_06169.jpg,Boat
265,2015_06170.jpg,Boat
266,2015_06171.jpg,People
267,2015_06172.jpg,Boat
268,2015_06173.jpg,Boat
269,2015_06174.jpg,Table
270,2015_06175.jpeg,Boat
271,2015_06176.jpg,Boat
272,2015_06177.jpg,Boat
273,2015_06178.jpg,Table
274,2015_06179.jpg,Boat
275,2015_06180.jpg,Table
276,2015_06181.jpg,Table
277,2015_06182.jpg,Boat
278,2015_06183.jpg,Boat
279,2015_06184.jpg,Boat
280,2015_06185.jpg,Boat
281,2015_06186.jpg,People
282,2015_06187.jpg,Boat
283,2015_06188.jpg,People
284,2015_06189.jpg,Boat
285,2015_06190.jpg,Boat
286,2015_06191.jpg,Boat
287,2015_06192.jpg,Table
288,2015_06193.jpg,Boat
289,2015_06194.jpg,Table
290,2015_06195.jpg,Boat
291,2015_06196.png,Boat
292,2015_06197.png,Table
293,2015_06198.png,Boat
294,2015_06199.png,People
295,2015_06200.png,Table
296,2015_06201.png,Boat
297,2015_06202.png,Table
298,2015_06203.png,Boat
299,2015_06204.png,Table
300,2015_06205.png,People
301,2015_06206.png,Boat
302,2015_06207.png,Table
303,2015_06208.png,Boat
304,2015_06209.png,Boat
305,2015_06210.png,Table
306,2015_06211.png,Table
307,2015_06212.png,Table
308,2015_06213.png,Table
309,2015_06214.png,Boat
310,2015_06215.png,Table
311,2015_06216.png,Table
312,2015_06217.png,Table
313,2015_06218.png,Table
314,2015_06219.png,People
315,2015_06220.png,Table
316,2015_06221.png,Boat
317,2015_06222.png,Table
318,2015_06223.png,Boat
319,2015_06224.png,Boat
320,2015_06646.JPEG,Table
321,2015_06647.JPEG,Table
322,2015_06648.JPEG,Table
323,2015_06649.JPEG,Bicycle
324,2015_06650.JPEG,Table
325,2015_06651.JPEG,Table
326,2015_06652.JPEG,Bicycle
327,2015_06653.JPEG,Boat
328,2015_06654.JPEG,Table
329,2015_06655.JPEG,Table
330,2015_06656.JPEG,Boat
331,2015_06657.JPEG,Table
332,2015_06658.JPEG,Table
333,2015_06659.JPEG,People
334,2015_06660.JPEG,Table
335,2015_06661.JPEG,Table
336,2015_06662.JPEG,Table
337,2015_06663.JPEG,Boat
338,2015_06664.JPEG,Table
339,2015_06665.JPEG,Boat
340,2015_06666.JPEG,Boat
341,2015_06667.JPEG,Table
342,2015_06668.JPEG,Table
343,2015_06669.JPEG,People
344,2015_06670.JPEG,People
345,2015_06671.JPEG,Table
346,2015_06672.JPEG,Table
347,2015_06673.JPEG,People
348,2015_06674.JPEG,Boat
349,2015_06675.jpg,Boat
350,2015_06676.jpg,People
351,2015_06677.jpg,People
352,2015_06678.jpg,Boat
353,2015_06679.jpg,Boat
354,2015_06680.jpg,Boat
355,2015_06681.jpg,Boat
356,2015_06682.jpg,Boat
357,2015_06683.jpg,Boat
358,2015_06684.jpg,Boat
359,2015_06685.jpg,Table
360,2015_06686.jpg,Table
361,2015_06687.JPG,Table
362,2015_06688.JPG,Boat
363,2015_06689.JPG,Boat
364,2015_06690.JPG,Boat
365,2015_06691.JPG,Boat
366,2015_06692.JPG,Boat
367,2015_06693.JPG,Table
368,2015_06694.jpg,Boat
369,2015_06695.jpg,Boat
370,2015_06696.png,Boat
371,2015_06697.png,Table
372,2015_06698.png,Table
373,2015_06699.png,Table
374,2015_06700.png,Boat
375,2015_06701.png,Table
376,2015_06702.png,Table
377,2015_06703.jpg,Boat
378,2015_06704.jpg,Boat
379,2015_06705.jpg,People
380,2015_06706.jpg,Table
381,2015_06707.jpg,People
382,2015_06708.jpg,Boat
383,2015_06709.jpg,Boat
384,2015_06710.jpg,People
385,2015_06711.jpg,Table
386,2015_06712.jpg,People
387,2015_06713.jpg,Table
388,2015_06714.png,Boat
389,2015_06715.jpg,Table
390,2015_06716.jpg,Table
391,2015_06717.jpg,People
392,2015_06718.jpg,Boat
393,2015_06719.jpg,Boat
394,2015_06720.jpg,Bicycle
395,2015_06721.jpg,Table
396,2015_06722.jpg,People
397,2015_06723.jpg,People
398,2015_06724.jpg,Boat
399,2015_06725.jpg,Table
400,2015_07252.jpg,Bicycle
401,2015_07253.jpg,People
402,2015_07254.jpg,Table
403,2015_07255.jpg,Boat
404,2015_07256.jpg,Table
405,2015_07257.jpg,Table
406,2015_07258.jpg,Table
407,2015_07259.jpg,Table
408,2015_07260.jpg,Boat
409,2015_07261.jpg,Table
410,2015_07262.jpg,Table
411,2015_07263.jpg,Table
412,2015_07264.jpg,Boat
413,2015_07265.jpg,Table
414,2015_07266.jpg,Boat
415,2015_07267.jpg,Table
416,2015_07268.jpg,Boat
417,2015_07269.jpg,Table
418,2015_07270.jpg,Table
419,2015_07271.jpg,Boat
420,2015_07272.jpg,Table
421,2015_07273.JPEG,Table
422,2015_07274.JPEG,Table
423,2015_07275.JPEG,Boat
424,2015_07276.jpg,Boat
425,2015_07277.jpg,People
426,2015_07278.jpg,Table
427,2015_07279.jpg,Boat
428,2015_07280.jpg,Boat
429,2015_07281.jpg,Table
430,2015_07282.jpg,Boat
431,2015_07283.jpg,Boat
432,2015_07284.jpg,Boat
433,2015_07285.jpg,Table
434,2015_07286.jpg,Table
435,2015_07287.jpg,Boat
436,2015_07288.jpg,Boat
437,2015_07289.jpg,Table
438,2015_07290.jpg,Boat
439,2015_07291.jpg,Table
440,2015_07292.jpg,Boat
441,2015_07293.jpg,Table
442,2015_07294.jpg,Boat
443,2015_07295.jpg,Boat
444,2015_07296.jpg,Boat
445,2015_07297.jpg,Table
446,2015_07298.jpg,Boat
447,2015_07299.jpg,Table
448,2015_07300.jpg,Table
449,2015_07301.jpg,People
450,2015_07302.jpg,Boat
451,2015_07303.jpg,Table
452,2015_07304.jpg,Boat
453,2015_07305.jpg,Table
454,2015_07306.png,Boat
455,2015_07307.png,Boat
456,2015_07308.jpg,Boat
457,2015_07309.jpg,People
458,2015_07310.jpg,Boat
459,2015_07311.jpg,Boat
460,2015_07312.jpg,Table
461,2015_07313.jpg,Table
462,2015_07314.jpg,Table
463,2015_07315.jpg,Table
464,2015_07316.png,Boat
465,2015_07317.png,Table
466,2015_07318.png,Boat
467,2015_07319.png,Boat
468,2015_07320.png,Boat
469,2015_07321.png,Table
470,2015_07322.png,Table
471,2015_07323.png,Table
472,2015_07324.png,Table
473,2015_07325.png,People
474,2015_07326.png,Table
475,2015_07327.png,Table
476,2015_07328.png,Boat
477,2015_07329.png,Boat
478,2015_07330.png,Table
479,2015_07331.png,Boat
